"ID","AVGEDKESKEESAE2","AKGDASAVADGAR3","SATQNYGTGRR3","GALDTAGVNDRKQSR3","VYGGEATAQDKQNK3","NPSLTATQAR2","VFKSTQKPVQA3","VDDALHATR2","NQGNYQVAR2","NAEDVAKLR2","EQGTPEIR2","QLRGTSMLNKSDVAR3","QAEFESNVR2","MISDIRKDAEVR3","FGTQEYAGSK2","DLANDGYR2","ARPVGVLHMTDEAGGDAK4","AYVSETGKIVPSR3","IALPPSAR2","YAQGGLIR2","AFVTNIGGR2","LSDYGVQLREK2","IRRDDEVIVLTGK3","NFAAGSLVR2","YATEILTR2","SSDIQPAPVAGMK2","SFTFETK2","AFPQEAAEFTRR3","EGTDLFLK2","VATVSSDQVKEIAELK3","ATLDALDSMKSPEMVAAKR3","QFTVNLSHPGNLPK3","VSEEYVEKFTNGAVTGK3","DSFGGEIVTIK2","ALSLDDTTGFVK2","GSALKALEGDAEWEAK2","SSPGGLLNMVSK2","ISNEESISAMFR2","SDVLFNFNK2","GVTIDVPAMVAR2","NSVDAMPDLPFK2","AAGMDAVDVRLL2","ALGSGEVKFFGQVLPTAK3","IGSLVANDADSYRYLAESIR3","GLEVGATGFDPKLDLNDPEADSILKR4","EIELEDKFENMGAQMVK3","HIYAQVIAPNGSEVLVAASTVEK3","VIDLLVDEAKLVEPSKDDSEA3","AVSEVSALKTAAESAILEGK3","MIFDEFTLK2","LAYEINDFKDGFYNIVR3","LVTEEEFENIIIR2","AIAQVGTISANSDETVGKLIAEAMDKVGK3","VLVTGQQGQNNLLYLPLDKMIDGR3","GLVIDEMMPDILATVVR2","VMSMVDSVLLVVDAQDGPMPQTR3","IEQAPGQHGARKPR4","SAGSQHANVSGETAK3","LEQAPGQHGAR3","IEQAPGQHGAR3","SDVQAAKDDAAR3","EVSVEEGDKR3","SDKGDDNKDGVTIK3","AYSYTEKKR3","KHEGTPVPDTK3","FTGVDRK2","VTKPEAGHFAK3","AIEEDGGKIHR3","KRSDVEEMR3","MAQEQEKLKEER3","VYSYTEKKR3","NNPERIEMKK3","RGRVDGMEPR3","GGGTTFAAKPR2","TNQLPAR2","SVRPPEPYKGK3","VMGENPER2","AAYDEAARANQR2","LDNMATK2","TNPERIEMKK3","AKPASAKGTYFK3","TGENVNIR2","VFKSTQKPVQA2","AQVQYSGTGRR3","ISNGVGVER2","AVQVTAGER2","TVLREQAN2","VIENAEGAR2","ANTEKDLVAKR3","EGGRTVGAGVVAK3","LLNDGTR2","NDETQVGEVAKR3","VRDFRGLNAK3","NNNVVTSIHGR3","YVVIGHSERR3","STGEVHLR2","ESNDALSPTAR2","LTGRPHGFYR3","TSGEEVAPLKR3","MGPEGYR2","MEGDLQSK2","VGSITTSR2","ELFEEQAKRR3","EAPNYRVG2","ATKSPIQNEANNGLKNTR4","GLGAGANPEIGKK2","LGVNHHQIPVNAAR4","FQENVTRER3","GSYVPVQK2","VEDALHATR2","MNQEQFDKVK3","SAEAAITAK2","AGSPLGQQVK2","AQVQYSGTGR2","AGDVVAVR2","TDNMIVR2","LAQGDAAQAEQVARR3","INHTVEVQDTPENRGMINK3","RGGVIDSVDASR3","AIEGNGFK2","QQFDVAK2","VQALADAAR2","AIVAATESGSTAR2","NAVIEAAER2","GHVPMSMVK2","IVSGTGDRIYAR3","KDVQENEEKYLR3","SLSIAGANGSSASSR2","GKPYAPLLEKNSK3","AGTLAAVPAGR2","MSPEEIRAK2","MEAPAVR2","NIVGSNAVTR2","SAGASAQLVAR2","SQGTLGSAIER2","IRTGETDTDAI2","GTSMLNKSDVARVER4","LGQDLARENIR3","AVAIEQERVNR3","LKSDGQPVEIGGTEK3","EAVEGAKL2","EAAMRGEIPGLRK3","VEVAGDKVNVTR3","TLAALRDQKEAA3","GIRYADEVVR3","ALIGNEVNR2","GMLPSTR2","EIAEKMVEGR3","KVLDEQVSEVR3","STVPVEYTK2","AAGYTAVISHR3","TGENSLLER2","ALMGSNMQR2","AAGYTAVISHR2","TASVLARGESLTAHAR3","KSTPFAAQVAAER3","QTVVDSGEVVK2","NEPDAVAEKLAR2","LKMRELETVR3","MNTLIER2","RQELEGYLPARR3","MLQTVQMNAK2","AVGPYVVTK2","NMNVPGEDQYR2","PFTPSEIK2","GAPEGWVSPVKR3","DLELAHEKAGQQLR3","GAPEGWVSPVKR2","GVTVDKMTELRK3","GILPDGKDTPAER3","ATIGEVGNSEHMLR2","SSVPIYAYSPHRETQAR4","GGVIDSVDASR2","TVDGPSMKDWR2","GLQAEDVSKV2","ISADQVDQEVER2","MVSSGTEATMSAIR2","TTDKMYYHHSGFPGGIK4","TTDKMYYHHSGFPGGIK3","AAIEAAGGKIEE2","APAPDYVPEAPR2","VSALGPGGLTR2","GGGVVFGPTPR2","STLNIPGTGGK2","FVKVNTEAERELSAR3","AESFTTTNRYFDNKHYPR3","ILGSAVNPVLREGNSDR3","ALTDEQRAGTLAAVPAGR3","GASESDLEASFK2","GVREVFGDKAPAISSTK4","ILEVPVGR2","AALSAVVADAR2","GKADPLETFEK2","GIELEVR2","SDAFADVAKMK2","HQVVNDLPLGR2","FTPPAGVTVDDQR2","VVYDESELIKSAK3","DKEFQAIMPLRGK3","AGLMPADEAIAK2","AGDFIIR2","GGLGVSIVSTNK2","SKIEGIPTIDIHATK3","LKVYAGAEHNHAAQQPQVLDI3","MVPATLELGGK2","LIDQSTAEIVETAK2","IQDADYATEVSNMSK2","LMDTINQALDQKK3","TGVSNTLENEFKGR3","AVEIIMPK2","THHTLPDFIMTR3","IAFTGSTPVGSHILK3","ILLVDGGGSVR2","SQVFSTADDNQGAVTIHVLQGERK3","AFTSDLGEMETREK3","VVMGEKEGTLITE2","MAPPQISAEVLKK2","IAFTGSTPVGSHILK2","AGQALVVDPGKEAFVR3","DIADAVTAAGVK2","SGMHQDVPKDDVIIKSVTVSE3","AREIVEF2","YGVPGLTYR2","IGLASPEMIR2","SGVMEGNVITAEEVK2","EGWPIGVK2","MMDLIAKVDK2","GGYFPVPPVDHDHEIR3","VQLDVKFDFDKSK4","VQLDVKFDFDKSK3","FGQEDAAPVVAPAPAPAPEVATK3","AIQLGFTDSESLDKAR3","AIQLGFTDSESLDKAR2","QLGEDPWVAIKAR3","LIDQSTAEIVETAKRTGAQVR4","SGILTGLPDAYGRGR3","AVVDGAPAPVKEAVSKEEAEALK4","ISVTIPEGVDNEQQIR2","GIAVFNAPYSNTR2","WYSQSGTPVLTVR2","GGLYADTSTLTVRSEDVVPK3","AFDVIMPK2","QLMMVIAPK2","QMIMVLAPK2","AHLEEDAGKSLHEDFQGMSGIDLNR3","YGMIGDPTGALTR2","IKIPDYEGYLKER4","AGIALNDNFVK2","LLPESYSGTLITSK2","GSGAFGTFTVTHDITKYTR3","NKILFENLTPLHANSR3","VLDEVIYPTVR2","GIDKAVVGAVEELKK4","SVMLQSLNNIR2","ALEIEEMQLK2","FEGTEDGVETILK2","VSIGDVVARIPQETSKTR3","GLDQFFGR2","MASVSSGMQLPPGFK2","VTTAFTFIK2","VLVYFYPK2","QHVPVFVSDEMVGHKLGEFAPTR3","VDQLSNDVNAMRSDVQAAKDDAAR3","AIVSDVNVSDEDRWNAVLK3","AIISDVNATDEDRWNAVLK3","RLDANFFQHQPYLDEFNKAK4","AGVAADTVVWAKELAR3","TVNVADIESVVAR2","APFGGGVHTPELHSDNLEGLIAQSPGVR4","GFQRVDSLLVDIPPQD2","NDWKKAYIALQPGQDLDFATSAE3","VDPAYGKGVADALGLKLD3","NGFADVPSDDVVILSAK2","SNDPVVYLEHMKLYR3","FGVPLGFGGPHAAYFATR3","TFDTIDQLAVNTVR2","STPVELEFSQVEKV2","SPAGAIQFEAKDAPEIIPDPFNPEKK3","SFELPALPYAK2","TIAMESTDGLTRGLEVLDTGR3","VDFSKFGEIEEVELGRIQK3","RLVITPNDGSDPYEELIPKWR4","IGAAIGSGIGGLGLIEENHSSLVNGGPR3","LVPGKEIILDLDDNQIIAKQS3","LQTLGLTQGTVVTISAEGEDEKQAVEHLVK4","LQTLGLTQGTVVTISAEGEDEQKAVEHLVK4","SNLSGEFTVINPYLVR2","LQTLGLTQGTVVTLSAEGEDEQKAVEHLVK4","LVITPNDGSDPYEELIPKWR3","TRDNEVVAKLFTVLGPR3","TRDNEVVAKLFTVLGPR4","AILVGHNSSFDLGFLNAAVAR3","SEWLPPGFTLTR2","MLVSEMAKDIETLQTR3","IFAFTALTVVGDGK2","ISMLYEGTTGVQALDLLGRK3","QLGSVIDELGVGAFAR2","VLNGLGIALVSTSEGVITDKEAR3","GITNLHIPSDVIVDASMPAMIR3","GTVKEVDAKGAVISLGDDIEGILK4","AIDDLVKGFEELDTSK3","SADLVSIGPMLQGMR2","GADLLQALVDSELQPSRGQAR3","GGGKVLEPIMKVEVVTPEDYMGDVMGDLNR4","ELLIADGIDPTDLLEAAGASKTGR3","SHFLPFSRPAIGDEEIKAVESVLR4","FIFLEEGDIAEITR2","LVKDYLDGVDVAEGELVVLENVR3","ATTDVEFYPVLVGTAFK2","GFSGEDATPALEGADVVLISAGVAR3","MTDSNTQLSVMAPVGAALLGLR3","ATLDELIEPFVAR2","SNWLVDKLIPSIMR3","GVETIPFDPAALPAEKVSQAAVDELLK3","GQLSIPDLEGLPPMFRDFLER3","AIAQVGTISANSDETVGTLIAQAMEKVGK3","TMVMSEKEKR3","HEKNNENNNQERQGLQ4","HEKNNENNNQERQGLQ3","HSTAEKPVFNR3","MIQQETRLK3","SLSTEATAK2","EITGEGLKEAK3","SKSENLYSAAR2","MNPETNSIANR2","GYGTGSGEAKNIAHNVK3","ALEGDAQYEEK2","AYSYTEK2","VQTSQPFGR2","ADESKFEQVK3","NASIEGGYR2","QSVDINQGVDR2","VNDQEISR2","TLAAVRDAKEAA3","LEQAGVNIK2","NDVIMATGR2","DDAARANQRLDNMATK3","AIAETLAARGAK3","SGGKVAPGFEGGQQPLHR4","SGGKVAPGFEGGQQPLHR3","SGGKVAPGFEGGQQPLHR2","RAATSVKEAGFVEEEE3","TANLEFR2","LDSSAFPR2","TLTSIGPANR2","VLEVSNLR2","VINEVISR2","QAITNPNTVQSIK2","NKDGIPAVVER2","MYAVFQSGGKQHR2","ALGNDVIKDVK3","SLVSAELR2","GQYDEGVIQGQKVPK3","ADNSGVDLANVK2","YEQIDAIR2","SLIGRLPK2","LSAADLAYQQKDLAR3","VAAKLAGLTGQNEDQNVGIK3","SAFVGEELAK2","ISALGPGGLTR2","AAVEEGVVAGGGTALVR2","STVDVDLAGMK2","GIIKVGDEVEIVGIKETAK4","ADFKPIFDQVK2","YMGGFYTVVK2","ASSGLSEDEIQQMVR2","GVETIPFDPAALPAEK2","SQDLAVQAEEGLVEAE2","VLVVDDSGFFR2","VLGDKIQLVGDDLFVTNTK3","AGDNAPMAYIELVDRAEPKAEAAAE3","AGYNPEAAITLWQKMGR3","ASPWQVDRLAVTLPVAER3","WKEGDATLAPSLDLVGKI3","NAVAADIVSPGHIFPLMAQPGGTLAR3","VINDKFGIVEGLMTTVHATTATQR3","AIEEEGKSLEDFLI2","SSGVDFGPVDFVKYAEAFGAKGVR3","SNILELNEQGIKDVVEQQFEVAK3","SRVENASPKDK3","AKADEDNLRR3","SNSHYSEETNGPKS2","VTEQMGGR2","SEGLESTR2","MEKREELYR3","TVQSEYPTKNR3","VDGTKPVAEVR3","ALTDEQR2","SEKSDLGGTMR3","VGGDEQSLR2","TENLQAER2","YGEIAAR2","VAALAESR2","VMTVGDR2","VSNTEFR2","LVHGEEGLQAAKR3","VMSVGDR2","MGELASR2","GALDTAGVADRK3","TIAMDSTDGVKR3","STGEFASEQTEKAK2","GASHPHTAQQPQELKI4","ISGGIGVER2","NVLVESAR2","TVDVTVKGPGSGREAAIR4","SLPIQDR2","LSNPELR2","DQYEIRTHLR3","IADGLDAANR2","PDSVAAGLR2","NYIEIGSKEGK3","ASLDGQYGLEKR3","STRGEVLAVGNGR3","SDAFADVAK2","GEVLAVGNGR2","LIMHTNKGDMTFK4","LIDGSIER2","GTSMLNKSDVARVER3","DAKELVDGAPK3","TGEVPADVAAQAR2","GAMVLPAGTGK2","ASYNTNDFR2","VAGVAFTGSTDTAR2","SITAGELR2","MQIADEGIR2","LADLPESGQMR2","AINRRVEAEVEAEAK4","TNLSGTAEKPRLNVYR3","TALALGADR2","LIGQDGEQIGVK2","EAAMRGEIPGLK3","MRLNTLSPAEGAK3","TVPAFEPK2","AYNRELDPMIK2","KIIVDSYGGMAR2","VLFYTGVNHK3","SAAGNIVESDSWR2","ATVATAENVAAFEARR3","DYSEGASGLLR2","YQGEYVAGLAVK2","NSVPNDPRSPFVTSGLR3","NSVPNDPRSPFVTSGIR3","TLDTPLVGINNR2","TVAEFFGK2","ITHIDFLRA2","LSPTLAMYR2","AAIETGVATLPYPK2","KSVDQPVQTGYKSVDAMIPVGR4","LSSIKEEEGVPEAEEMIR3","KEDLEKVVQDLSTK3","VSEKATSFNELMNQQA2","LADMLAAPNAEQVVR2","AQSVAGYLTAQGVDGTR2","NTPVDQGGIGPVKYAMVADIKR3","YISVGSFYK2","PHPLTLLQISGR3","VAEPLITLAKEDSVANR2","EDDIPSFIR2","VANALREMTGDNEEQTVGIRVALR4","IAVLEGDVLGSYQHGAR3","IAVLEGDVLGSYQHGAR2","LALAPQKDWPVNAIASR3","MNPVTKQFQFGQSTVTLETGRIAR4","ILYSAFDLVKER3","VVINKDTTTIIDGLGEQEAISGR3","ADAPHVSDEELPVLLR3","LVIPPELAYGK2","ILYSAFDLVKER2","RAVIESENSAERDQLLENLQEGMEVK4","SGHQDVPAEDVIIEKAEIVEE3","FALSDAEVTELAK2","AANSLKEENLLVNEI2","ADLDVIMIAPK2","MQLNSTEISELIKQR3","GLGDAQFALKEIDVSAR3","IMNVLGQPVDMKGDIGEEERWAIHR4","EIPAFAPGDTVIVQVK2","AINAQEISALIK2","LVETLDSYIPEPVR2","VAFAGLKFQDVGSFDYGR3","SADLISIGPMLQGMRKPVNDLSR3","MNLPVREFDAVVIGAGGAGMR3","FIFLEEGDIAEITRR3","IAVIENLIEK2","LLAVFSEERLPEAAMANIPTAK3","LSVSLEDVSLADAPSVQLASQTR3","GTEITDDYLDGLERGQWFK3","TESEEKLTQLLDAGMNVMR3","VRNEMGLTNVEIMVPFVR3","ILSAFIGDEIPADVLAK2","SLRDVISLLDPDAKIGK3","SADLISIGPMLQGMR2","MLVGVNVLADAVKATLGPKGR3","MKDFLIAPSILSADFAR3","LVETSLVNAIGVSVAHTALNLNVK3","DSDVGYAAGLQAGILQELSK3","MTVAEVGNIVEFYDGLK2","GSRNPAAGSAGAR3","KLGLQEK2","EGATGNIDAAKK3","ISEMASYRK2","VGQLVAER2","VTTLNVK2","AGAPFGPGANPMHGRDQK3","VSYVVENAR2","GIKDVSFDR2","SASLPYR2","TGNTLPMR2","LMEGNLGR2","SGMHQDVPKDDVIIK3","IVAEFGR2","TLEYFAK2","IESIEFGR2","ALSVEEKAQIVNEYK3","VNDEVEIVGIKEDIQK3","SGEVQITNSAIPPTLYRK3","SANDNSVGLTYIDHLTHNVKR3","VTDEDLVVEIPR2","VINASGPWVDEVRSGDYAR3","EIPMYYFK2","TDKLTSLRQYTTVVADTGDIAAMK3","VLPAVEILEQR2","QMLDHAAEFGYGVPAFNVNNLEQMR3","MESKVVVPAEGQK3","ADSTATINATSAGTQKR3","SHDALTATHVSVDKTSGETHLR4","RAGAPFGPGANPMHGRDQK4","LSDAYRITDKQER3","GKSVEELYN2","LVPGEGNITVNGRDVR3","LGETSEAILRQTR3","SHDALESNALSVEKSTGEVHLR4","SVNFAPKTVPAFEPK3","SLEVFEKLESK2","GFVMHADFLR2","IKIPDYEGYLKER3","AYVTLKEGQNLDFVGGAE2","SADKAPLAAEAMGIIAPR3","SADLVSIGPMLQGMRKPVNDLSR3","IDEFQELGFSVK2","DLPEFIEVDMAK2","GQLVGAGYEDAVVQSFGDARDVLVR3","MDLGPASQEVELLLSVEGIRQ3","ADNQYYGTGRRK3","ADNQYYGTGRR3","RDEVIIK2","LAGQQLSIKGAK3","MSPEEIR2","ISDDVIR2","ISALGPGGLTRER3","HVMSIADHVVQESR3","VGFGTGKAQEVPEAIK3","AKEQGGLDGLLAK3","SEQHAQGADAVVDLNNELKTRR4","METIELK2","GGVPMATPVFDGAKER3","TKVTREEVEHIANLAR4","VADNSGAREILTIK3","SGGAAQGYAERHDEQAVPVIGLR4","ANQEQIIEAIK2","ATIDPLVGAQPYQGR2","NIGANVTLQNQEWK2","ALADAARENGLEF2","ATEFSPFELTK2","EGEKTLAPSLDLVGKI3","TSKLEQLKQYTTVVADTGDFDAIAR4","WKEGDATLAPSLDLVGKI2","AEVTKIDRNAK3","QAYDNQTGVNEKEREER3","QSDEDESRSIGR3","TVGAGVVAK2","FVKREELGGETNES3","VYGGEADAADKAEAANKK3","GLGAGSQPEVGQK2","SVDQPVQTGYK2","AGNTLPMR2","KMVPATLELGGK2","EAEPEIYNAIRR3","KFISIEAE2","FEKEGFRVVPPAAVR4","HGDFTIKEAQILER3","MPQPYIKLNPADAAK3","ATVATAENVAAFEAR2","VLHEDLDAYLTQDGSVAR3","TLLYTINGGVDEKLK2","INLLDDNQFTR2","ADLQEALDFAGEGLVK2","GADLANSFKPDVIIALGGGSPMDAAK3","IGASAGVEIVQGLESDSDY2","TFVHPLEYDLYYSV2","SATQNYGTGRRK3","YQGYTNKKR3","DSGAAIVAK2","KTLKEQGTPEIR3","SKSENLYSAAR3","SIQGTGFK2","LMQVGAANLHR3","MVENDLR2","IVSEFGR2","TSHITVVVTEK2","YDEIIVR2","AGLEGFTR2","SFIEASLK2","SSQHIYAQVIAADGGK3","TAVDVMYEANR2","SSHVNAGGFVLR2","NLALEEQAVEK2","SNEGTIIAVGAGR2","FGAQPSIPYQHELADK3","AYGSTNPINVVR2","GIIKVGEEVEIVGIKETQK4","VVINKDTTTIIDGVGEEAAIQGR3","SVEENLDLFAR2","LAQLDNIVAIKEATGNLSR3","VINDNFGIIEGLMTTVHATTATQK3","DAGINTDNIVALGLVYQF2","AELEKAAAEKK3","VTKAQAGHFAK3","SATQNYGTGR2","SRDLEKLER3","QNLAQQPR2","IGHTVEREDTPAVR3","IGHTVEREDTPAVR4","NIEKDAALERR3","LAQEASQEAAR2","SVIGRPQNQR3","ANQRLDNQVTTYKK4","VTDIEGK2","NYVPGQHGPNNR3","AAAESSIQVK2","IQAEKTQPTDNY2","ARDFSLDRTR3","IYQRPFGGQSK3","GALDTAGVADRKQGR3","MQNQQIRIR3","VQVGDKQMINAR3","AENQYYGTGR2","ADNQYYGTGR2","SDIINETK2","TQDAIDVK2","ARPVGVLHMTDEAGGDAK3","LATELAR2","YTLAADTKHEIAK3","IGTTGEIVAR2","NVLKEGEEVEAK3","AMAANDTTGLVK2","ALNAAGFR2","GEILAVGNGR2","KIIVDSYGGMAR3","GILPDGKDTPAER2","FYDASKTNQLPAR3","GGMAGLMK2","TLGSDLGASVK2","AVGLHYFSK2","SVDGIQVGEGR2","DAGYTAIISHR2","VEGGQHLNVNVLRR3","AATSVKEAGFVEEEE2","ASPWQVDR2","KLAEEAGIDPNSIAGTGKGGR4","GLRGVGPYMVTR3","EAAMRGDVPGLVK3","VGTVTPDVATAVK2","AESFTTTNRYFDNKHYPR4","TEEQLANIAR2","INIDSNALYRQPK3","SVGTQVDDGTLEVR2","ADSGTVIQAISK2","IAHEPDPLLVGPASR3","SFDEPPFR2","KSGVLTGLPDAYGR3","ELTNDRDADINDFVK3","GVPDTPGVAFK2","MYQQEVTITAPNGLHTRPAAQLVK4","AADLKESASATADELKQDAAK3","VHPSVEVIQDSGELR3","AFNEMQPIVDR2","LFNELGPR2","PVITLPDGSQR2","LSFDSEATLAR2","RASDNKSLGQFNLDGIQPAPR4","QVQNVSYGTIVNVR2","AIIAWGDDTHLR3","AGVITGLPDAYGR2","VVLTGPSKDNTPMFVR3","MIQTQSMLDVADNSGAR2","FRALSQPDLYEGDGELRVR4","QTVAELSSQTVADATR2","FQVFGADAMRGPR3","LALAGQFAEAR2","MQLPAELRAEVTPK3","ELAPEWDIK2","NVVLDKSFGAPTITKDGVSVAR4","MIDTTLPLTDIHR2","MGLSLVEASAPR2","ADGIGSLLPAAR2","ILLINPTDSDAVGNAVK2","MLDPNLLRTEPDAVAEKLAR4","QKKVEAEDSEPFEALLAR3","AMLANMRDELSDALKR3","EIDEQPETELLSEYHSFKPVGR3","PEPTFHELAQLPPPVLR3","IALPSEYLGEGVSDEVK2","AQEIETTIEVLARR3","AQSVVDYLVAKGIPAGK3","TQLKEFLDENI2","AITGIFFGSDTGNTENIAK2","APFGGGVHTPELHSDNLEGLIAQSPGVR3","SNPELTSKVMRPSATFNAAIDSLA3","GLAQGTDVSFGTFGLK2","SGETEDSTIADLAVGTAAGQIK3","SMQDPLADMLTRIRNAQMAEK3","ILADGNPVAWFQGRMEFGPR3","VSFDNEKLVENFNTINDVLLK3","SLRDVISLLDPDAK2","IIAAPADPILGLADSFRSDTR3","SLVGKVDAIYTNTDNNVVSAYEALVK3","SQAIEGLVKANEIDVPAALIDSEIDVLRR4","LLPLLDGGEDKAWDALLAEGR3","SELSTLSPQPLWDIFAK2","SGLFEDFLGSDFFR2","class"
"RD168-Astral_20240729_EXB_300SPD_FS-180K_Blk_U009_summary_targets_3ppm_isotope_8000_3ppm_isotopes_8000_present_3ppm_isotopes_8000_rtimes.csv",43841.625,1956871.75,183738.78125,53452.2265625,77444.5078125,109784.578125,140384.765625,2969262,15936.6875,988253.9375,207017.46875,35197.12890625,106425.3125,226914.5,956319.8125,136157.171875,47544.52734375,223378.796875,1043383.75,484707.375,1803931.625,2461567.25,499584.90625,276834.8125,18773838,61124.046875,894430.375,177494.84375,237008.171875,105192.453125,198488.875,28849.791015625,764634.75,545752.375,4942726,146175.328125,446973.375,277378.28125,77624.6875,10191708,1058322.125,549022.125,40270.53125,276705.4375,67078.4609375,154744.296875,119133.4609375,1721039,482787.84375,118100.9609375,1613047,384925.875,143123.3125,302753.90625,1806529.5,291528.90625,0,0,0,0,0,0,0,0,0,0,0,0,0,0,0,0,0,0,0,0,0,0,0,0,0,0,0,0,0,0,0,0,0,0,0,0,0,0,0,0,0,0,0,0,0,0,0,0,0,0,0,0,0,0,0,0,0,0,0,0,0,0,0,0,0,0,0,0,0,0,0,0,0,0,0,0,0,0,0,0,0,0,0,0,0,0,0,0,0,0,0,0,0,0,0,0,0,0,0,0,0,0,0,0,0,0,0,0,0,0,0,0,0,0,0,0,0,0,0,0,0,0,0,0,0,0,0,0,0,0,0,0,0,0,0,0,0,0,0,0,0,0,0,0,0,0,0,0,0,0,0,0,0,0,0,0,0,0,0,0,0,0,0,0,0,0,0,0,0,0,0,0,0,0,0,0,0,0,0,0,0,0,0,0,0,0,0,0,0,0,0,0,0,0,0,0,0,0,0,0,0,0,0,0,0,0,0,0,0,0,0,0,0,0,0,0,0,0,0,0,0,0,0,0,0,0,0,0,0,0,0,0,0,0,0,0,0,0,0,0,0,0,0,0,0,0,0,0,0,0,0,0,0,0,0,0,0,0,0,0,0,0,0,0,0,0,0,0,0,0,0,0,0,0,0,0,0,0,0,0,0,0,0,0,0,0,0,0,0,0,0,0,0,0,0,0,0,0,0,0,0,0,0,0,0,0,0,0,0,0,0,0,0,0,0,0,0,0,0,0,0,0,0,0,0,0,0,0,0,0,0,0,0,0,0,0,0,0,0,0,0,0,0,0,0,0,0,0,0,0,0,0,0,0,0,0,0,0,0,0,0,0,0,0,0,0,0,0,0,0,0,0,0,0,0,0,0,0,0,0,0,0,0,0,0,0,0,0,0,0,0,0,0,0,0,0,0,0,0,0,0,0,0,0,0,0,0,0,0,0,0,0,0,0,0,0,0,0,0,0,0,0,0,0,0,0,0,0,0,0,0,0,0,0,0,0,0,0,0,0,0,0,0,0,0,0,0,0,0,0,0,0,0,0,0,0,0,0,0,0,0,0,0,0,0,0,0,0,0,0,0,0,0,0,0,0,0,0,0,0,0,0,0,0,0,0,0,0,0,0,0,0,0,0,0,0,0,0,0,0,0,0,0,0,0,0,0,0,0,0,0,0,0,0,0,0,0,0,0,0,0,0,0,0,0,0,0,0,0,0,0,0,0,0,0,0,0,0,0,0,0,0,0,0,0,0,0,0,0,0,0,0,0,0,0,0,0,0,0,0,0,0,0,0,0,0,0,0,0,0,0,0,0,0,0,0,0,0,0,0,0,0,0,0,0,0,0,0,0,0,0,0,0,0,0,0,0,0,0,0,0,0,0,0,0,0,0,0,0,0,0,0,0,0,0,0,0,0,0,0,0,0,0,0,0,0,0,0,0,0,0,0,0,0,0,0,0,0,0,0,0,0,0,0,0,0,0,0,0,0,0,0,0,0,0,0,0,0,0,0,0,0,0,0,0,"Blk"
"RD168-Astral_20240729_EXB_300SPD_FS-180K_Blk_U013_summary_targets_3ppm_isotope_8000_3ppm_isotopes_8000_present_3ppm_isotopes_8000_rtimes.csv",0,0,0,0,0,1303822.625,187954192,2446158.75,1062580.625,0,1100601.75,0,0,0,0,0,0,662742.5625,0,0,0,0,0,0,0,0,0,0,0,0,0,0,0,0,0,0,0,0,0,0,0,0,0,0,0,0,0,0,0,0,0,0,0,0,26750832,0,175055.765625,49111.56640625,4942295,4942295,133430.109375,618856.9375,64617.0078125,542414.875,339947.6875,572268.5625,353369.0625,10868620,714718.9375,1537604.25,727819.8125,1939346.875,2837813.5,11379853,2215493.75,430726.25,755992.875,1970128,568052.875,566360.9375,894698.3125,6651858.5,7132895.5,911189.9375,2826976.25,2826976.25,2826976.25,7064213,760547.125,1402951.25,3060728,1241012,744246.1875,444973.96875,640276.125,2909476.5,923587.4375,1020858.8125,544025.5,2868449.5,11895779,1658255.625,1534905.25,2168549.25,700994.0625,698406.9375,557820.5625,387930.46875,2002258.875,1843812.875,1427884.25,3421898.5,1119019,4298272,1189569.5,2953879.5,2973899.75,21066242,1307211,1619296.375,1619296.375,3346679.75,2664818,21955164,1614518.25,2971532.75,3131171.25,2296286.25,26932426,16167046,1276001.625,1050607.125,1500816.25,1500816.25,935412.375,19688648,1680462.5,10068017,1371975.625,7409676.5,1339636.25,5976474.5,3528697,3528697,5507031.5,2027552.625,1423220.375,623838.25,769390.1875,4035255.5,32478420,1809646,1605800.375,56430772,957726.5625,7390343,12647886,918982.3125,5204612.5,5112535.5,1443673.875,3039396.25,544877.375,3633773.75,8215403.5,28252682,1535970.375,10393764,1332234.125,19941054,2202456.25,1258327,6885205.5,871187.9375,14430506,1073987.875,4461564,1791679.125,2668099.25,11381300,6368252.5,1274848.625,80222952,18728302,24394340,1655508.75,2043155.75,2043155.75,1983621.875,925667.25,5195547,5715939,998657.875,2612180.75,9354617,30577692,2683777.75,3008081.75,5588014.5,30928936,1296067.625,5741921,1061775.375,2820962,1267165.375,15308189,1514890.5,19422160,5231511.5,4634060.5,1193052.25,14927439,2631226.5,2513860.5,968832.8125,3325396.5,2197094.25,2134433.75,914284.5,2406496.25,2362668.25,864169.25,599865.4375,3400947.25,5378667.5,386149.0625,979997.4375,3020557,3126683.25,1208925.875,6343396,3129192,3995257.75,39994832,1227291.5,1468587.5,1386262.125,1555385,2027961.5,11611539,2180972,496019.96875,2157456.25,2157456.25,8228274.5,5170639,426086.9375,12740278,7131715.5,7693350,1573608.875,565913.8125,239534.671875,11929054,975543.3125,3003830,780671.4375,231592.984375,3652028.5,256024.015625,380168.84375,1257646.625,2066395.5,928887.125,928887.125,1959882.75,408111.78125,1105196.25,1467803.875,1583671.375,1216913.875,1422535.25,1395558.75,12256799,6628148.5,7139769.5,595479.25,1135194.375,1806728.5,4299286.5,1594014.25,1087478.375,3178181.5,908840.5625,3370458,3370458,48446964,1602389,2045343.5,1589813.625,1180403.75,2646628,576908.875,457904.375,2983835.5,4213145.5,22093872,1844812.5,1039432.0625,1123811.25,332592.125,2320829.5,873762.125,1987316.375,1054909.25,1009388.125,17641132,2096551.625,3931583.75,2051077,17947110,3620464.5,649640.9375,77065152,1356011,12089885,0,0,0,0,0,0,0,0,0,0,0,0,0,0,0,0,0,0,0,0,0,0,0,0,0,0,0,0,0,0,0,0,0,0,0,0,0,0,0,0,0,0,0,0,0,0,0,0,0,0,0,0,0,0,0,0,0,0,0,0,0,0,0,0,0,0,0,0,0,0,0,0,0,0,0,0,0,0,0,0,0,0,0,0,0,0,0,0,0,0,0,0,0,0,0,0,0,0,0,0,0,0,0,0,0,0,0,0,0,0,0,0,0,0,0,0,0,0,0,0,0,0,0,0,0,0,0,0,0,0,0,0,0,0,0,0,0,0,0,0,0,0,0,0,0,0,0,0,0,0,0,0,0,0,0,0,0,0,0,0,0,0,0,0,0,0,0,0,0,0,0,0,0,0,0,0,0,0,0,0,0,0,0,0,0,0,0,0,0,0,0,0,0,0,0,0,0,0,0,0,0,0,0,0,0,0,0,0,0,0,0,0,0,0,0,0,0,0,0,0,0,0,0,0,0,0,0,0,0,0,0,0,0,0,0,0,0,0,0,0,0,0,0,0,0,0,0,0,0,0,0,0,0,0,0,0,0,0,0,0,0,0,0,0,0,0,0,0,0,0,0,0,0,0,0,0,0,0,0,0,0,0,0,0,0,0,0,0,0,0,0,0,0,0,0,0,0,0,0,0,0,0,0,0,0,0,0,0,0,0,0,0,0,0,0,0,0,0,0,0,0,0,0,0,0,0,0,0,0,0,0,0,0,0,0,0,0,0,0,0,0,0,0,0,0,0,0,0,0,0,0,0,0,0,0,0,0,0,0,0,0,0,0,0,0,0,0,0,0,0,0,0,0,0,0,0,0,0,0,0,0,0,0,0,0,0,0,0,0,0,0,0,0,0,0,0,0,0,0,0,0,0,0,0,0,"Blk"
"RD168-Astral_20240729_EXB_300SPD_FS-180K_Blk_U014_summary_targets_3ppm_isotope_8000_3ppm_isotopes_8000_present_3ppm_isotopes_8000_rtimes.csv",20718.099609375,13078043,0,0,137165.78125,256125.15625,2186250.5,5402365.5,0,2211538,0,0,263425.59375,247877.1875,9637275,2158828.75,0,0,0,2739451.25,1583204.125,12262339,136667.875,0,10465635,0,0,517893.65625,0,0,0,0,978093.75,0,8484504,4335126,1663245.125,0,0,16709850,2433703.75,0,0,1094152.375,0,902715.875,0,4426563.5,0,0,0,0,0,0,0,0,22767.5703125,0,0,0,0,0,0,0,0,0,0,0,0,0,0,0,47644.25,0,0,0,0,118842.4375,0,0,0,0,0,0,0,0,0,0,0,26246.201171875,0,0,0,0,0,0,0,0,0,0,0,0,0,0,0,0,53482.8671875,0,0,0,0,0,0,0,0,0,0,0,0,0,0,0,0,0,0,0,0,0,0,0,0,0,0,0,0,0,0,0,0,0,0,0,0,0,0,0,0,0,0,0,0,0,0,0,0,0,0,0,0,0,0,0,0,0,0,0,0,0,0,0,0,0,0,0,0,0,0,0,0,0,0,0,0,0,0,0,0,0,0,0,0,0,0,0,0,0,0,0,0,0,0,0,0,0,0,0,0,0,0,0,0,0,0,0,0,0,0,0,0,0,0,0,0,0,0,0,0,0,0,0,0,0,0,0,0,0,0,0,0,0,0,0,0,0,0,0,0,0,0,0,0,0,0,0,0,0,0,0,0,0,0,0,0,0,0,0,0,0,0,0,0,0,0,0,0,0,0,0,0,0,0,0,0,0,0,0,0,0,0,0,0,0,0,0,0,0,0,0,0,0,0,0,0,0,0,0,0,0,0,0,0,0,0,0,0,0,41356.55859375,67859.7890625,59983.7578125,150066.3125,608398.25,120760.265625,24418.82421875,415009.09375,28135.783203125,39061.046875,179303.203125,54155.4296875,144828.8125,57660.84765625,122151.7890625,2810533.75,1938182.375,81585.421875,6686991,78837.1171875,91598.0859375,86222.9296875,5870867,6507195.5,236060.921875,1271420.125,59317.125,117856.9375,74000.609375,1752512.875,1752512.875,205953.109375,196842.9375,126648.6328125,200284.015625,1367931.625,171897.21875,490613.0625,5034931.5,1314697.5,135529.40625,263160.59375,518586.0625,828185.8125,637947.875,454674.96875,312666.625,328241.84375,601675.3125,470923.0625,218589.40625,252815.359375,112574.3671875,499218.125,287581.59375,458106.75,793888.875,812419.9375,714562.4375,134449.4375,188678.875,307230.375,149039.09375,0,0,0,0,0,0,0,0,0,0,0,0,0,0,0,0,0,0,0,0,0,0,0,0,0,0,0,0,0,0,0,0,0,0,0,0,0,0,0,0,0,0,0,0,0,0,0,0,0,0,0,0,0,0,0,0,0,0,0,0,0,0,0,0,0,0,0,0,0,0,0,0,0,0,0,0,0,0,0,0,0,0,0,0,0,0,0,0,0,0,0,0,0,0,0,0,0,0,0,0,0,0,0,0,0,0,0,0,0,0,0,0,0,0,0,0,0,0,0,0,0,0,0,0,0,0,0,0,0,0,0,0,0,0,0,0,0,0,0,0,0,0,0,0,0,0,0,0,0,0,0,0,0,0,0,0,0,0,0,0,0,0,0,0,0,0,0,0,0,0,0,0,0,0,0,0,0,0,0,0,0,0,0,0,0,0,0,0,0,0,0,0,0,0,0,0,0,0,0,0,0,0,0,0,0,0,0,0,0,0,0,0,0,0,0,0,0,0,0,0,0,0,0,0,0,0,0,0,0,0,0,0,0,0,0,0,0,0,0,0,0,0,0,0,0,0,0,0,0,0,0,0,0,0,0,0,0,0,0,0,0,0,0,0,0,0,0,0,0,0,0,0,0,0,0,0,0,0,0,0,0,0,0,0,0,0,0,0,0,0,0,0,0,0,0,0,0,0,0,0,0,0,0,0,0,0,0,0,0,0,0,0,0,0,0,0,0,0,0,0,0,0,0,0,0,0,0,0,0,0,0,0,0,0,0,0,0,0,0,0,0,0,"Blk"
"RD168-Astral_20240729_EXB_300SPD_FS-180K_Blk_U021_summary_targets_3ppm_isotope_8000_3ppm_isotopes_8000_present_3ppm_isotopes_8000_rtimes.csv",0,752134.25,0,0,0,0,20051780,1313175,370942.34375,0,1566942.375,0,0,0,0,0,0,0,0,0,0,4641745.5,0,0,0,0,0,0,712871.625,0,0,0,0,0,0,2395168.25,0,0,0,27486192,0,0,0,0,0,0,0,2174739.5,263950.09375,0,0,0,2372729.25,0,0,0,26408.453125,0,0,0,0,1982806.75,0,0,0,0,0,0,0,0,650451.4375,204495.421875,92114.640625,0,839183.375,254261.703125,0,0,0,0,0,0,0,0,0,0,0,0,0,0,0,0,0,0,0,0,0,283658.96875,0,0,0,0,0,0,0,0,0,0,0,0,0,0,0,0,0,0,0,0,0,0,0,0,0,0,443403.125,0,0,0,0,0,0,275773.875,0,0,0,1606546.5,4032491.5,0,0,0,0,0,0,0,0,0,1497885.625,0,0,0,0,0,1740666.5,0,0,0,0,0,0,0,0,0,0,0,0,0,0,0,0,0,0,0,0,0,0,0,0,0,0,0,0,0,21057418,6255323,0,0,0,0,11032265,0,0,0,0,0,0,0,0,0,0,0,0,0,0,0,0,0,0,0,0,0,1014198.25,0,2780634,0,0,0,0,0,0,0,0,0,0,0,0,0,0,0,0,0,0,0,0,0,495204.78125,0,0,0,0,0,0,0,0,0,0,0,0,0,0,0,0,0,0,0,0,0,0,0,0,0,0,0,0,0,0,0,0,0,0,0,0,0,0,0,0,0,0,1010977.625,0,0,0,0,0,0,0,0,0,0,0,0,0,0,0,0,0,0,0,0,0,0,0,0,0,0,0,0,0,0,0,0,0,0,0,0,0,0,0,0,0,0,0,0,0,0,0,0,0,0,5774874.5,0,0,368605.53125,23988666,406236.34375,0,0,0,0,0,0,0,0,0,0,0,0,0,2946517.5,0,0,0,0,2305124,0,0,0,0,0,0,0,0,0,0,0,0,0,0,0,0,0,0,466803.6875,14421082,0,0,0,0,4328623.5,0,14866.6943359375,20832.732421875,142516.25,282084.84375,59403.30859375,336819.75,168194.8125,427981.71875,284142.21875,1121440.5,23988666,23988666,350407.21875,9217705,155273.609375,183672.28125,12934665,262243.15625,262243.15625,248045.453125,751507.5,5452372.5,1731645.125,753498.25,753498.25,1840739.375,1282555.625,1282555.625,555433.8125,303669.875,678321.75,695978.5625,648717.6875,397299.15625,1076789.875,293504.28125,226462.828125,5819184,859989.6875,1084070.125,986559.4375,586591.3125,68183336,5986279,396221.1875,338659.84375,8609437,467160.75,3054086,386431.5,2021245.375,417775.03125,519996.15625,507384.25,418937.4375,407447.0625,4106990,3152618.75,1574904.375,6249135.5,3301913.25,4452976,4452976,5484992.5,6538705,1869037.125,442420.4375,3542343.5,1001639.4375,1243158.625,3687231.5,2474857,1273303.625,1738084.875,3368472.5,242606.609375,367115.625,1446451.5,174231.859375,485896.125,3863107.75,1656988.5,2200550.25,323647.5625,1513410.75,7337942,576955.3125,957729.625,808632.8125,805233.75,4745233.5,452667.90625,1426744.375,598295.375,264518.875,264518.875,569116.375,1878134.375,591911.9375,1232275.25,3334712.75,547182,592310.3125,641110.25,148197.390625,1526797.375,685647.375,4577834,733326.9375,11213331,1372376.875,914957.6875,959158,1401578.75,328441.5625,2972501.75,1867472.25,1883054.75,0,0,0,0,0,0,0,0,0,0,0,0,0,0,0,0,0,0,0,0,0,0,0,0,0,0,0,0,0,0,0,0,0,0,0,0,0,0,0,0,0,0,0,0,0,0,0,0,0,0,0,0,0,0,0,0,0,0,0,0,0,0,0,0,0,0,0,0,0,0,0,0,0,0,0,0,0,0,0,0,0,0,0,0,0,0,0,0,0,0,0,0,0,0,0,0,0,0,0,0,0,0,0,0,0,0,0,0,0,0,0,0,0,0,0,0,0,0,0,0,0,0,0,0,0,0,0,0,0,0,0,0,0,0,0,0,0,0,0,0,0,0,0,0,0,0,0,0,0,0,0,0,0,0,0,0,0,0,0,0,0,0,0,0,0,0,0,0,0,0,0,0,0,0,0,0,0,0,0,0,0,0,0,0,0,0,0,0,0,0,0,0,0,0,0,0,0,0,0,0,0,0,0,0,0,0,0,0,0,0,0,0,0,0,0,0,0,0,0,0,0,0,0,0,"Blk"
"RD168-Astral_20240729_EXB_300SPD_FS-180K_Blk_U041_summary_targets_3ppm_isotope_8000_3ppm_isotopes_8000_present_3ppm_isotopes_8000_rtimes.csv",250023.109375,10908354,0,0,314874.96875,180343.53125,118527.90625,10049476,0,0,0,0,0,0,19515338,401774.75,0,0,605513.6875,2506567.25,2197640.5,10680089,0,694640.6875,33375096,0,756212.5625,0,748144.8125,0,0,0,1096036.5,0,19015144,4426680.5,1109542.375,0,0,15115491,0,937707.9375,0,1052785.375,264928.8125,0,0,1842796.375,0,75999.3828125,0,0,0,0,0,0,0,0,0,0,0,0,0,0,0,0,0,0,0,0,0,0,37126.77734375,0,0,0,0,0,0,0,0,0,0,0,0,0,0,0,0,0,0,0,0,0,0,0,0,0,0,0,0,0,0,0,0,0,0,0,0,0,0,0,0,0,0,0,0,0,0,0,0,0,0,0,0,0,0,0,0,0,0,0,0,0,0,0,0,0,0,0,0,0,0,0,0,0,136816.296875,0,0,0,0,0,77393.6171875,0,0,0,0,0,0,0,0,0,0,0,0,0,0,0,0,0,0,0,0,0,0,0,0,0,0,0,0,0,0,0,0,0,0,0,404756.1875,0,0,0,0,0,0,0,0,0,0,0,266033.65625,0,0,0,0,0,0,0,0,0,0,0,0,0,0,0,0,0,0,0,0,0,0,0,0,0,0,0,0,0,0,0,0,0,0,0,0,0,0,0,0,0,0,0,0,0,0,0,0,0,0,0,0,0,0,0,0,0,0,0,0,0,0,0,0,0,0,0,0,0,0,0,0,0,0,0,0,0,0,0,0,0,0,0,0,0,0,0,0,0,0,0,0,0,0,0,0,0,0,0,0,0,0,0,0,0,0,0,0,0,0,0,0,0,0,0,55633.67578125,0,0,0,0,0,0,0,0,234428.453125,0,0,2536491.5,0,0,666663.5625,15021456,0,0,0,446632.90625,0,0,0,0,156285.359375,0,287277.9375,66282.9453125,1192075.25,1192075.25,89790.4375,0,0,0,280730.59375,336728.5625,0,0,0,0,0,0,0,0,0,0,0,500102.0625,0,0,0,71938.140625,0,122994.9765625,430686.75,0,574838.3125,0,0,0,0,0,0,0,0,0,0,0,0,0,0,0,15021456,15021456,0,219878.71875,0,0,0,0,0,0,0,0,0,0,0,0,0,0,0,0,0,0,0,0,0,0,0,0,0,0,0,0,663964.8125,0,0,0,0,0,0,0,0,0,0,123082.1484375,0,0,0,0,0,0,0,0,0,0,0,0,0,0,0,0,0,0,0,0,0,0,0,0,0,0,0,0,0,0,0,0,0,0,0,0,0,0,0,0,0,0,0,0,0,0,0,0,0,0,0,0,0,0,0,98436.875,0,0,0,0,0,0,0,0,12280.5234375,598755.25,135260.125,1924402,754205.1875,371126.28125,788865.3125,885067.625,340666.90625,253096.796875,54080.92578125,54080.92578125,149197.15625,154840.65625,243034.40625,500610.15625,182421.125,403889.28125,160915.96875,942828.25,291047.15625,320752.21875,165971.453125,133850.125,147123.25,80347.4296875,0,0,0,0,0,0,0,0,0,0,0,0,0,0,0,0,0,0,0,0,0,0,0,0,0,0,0,0,0,0,0,0,0,0,0,0,0,0,0,0,0,0,0,0,0,0,0,0,0,0,0,0,0,0,0,0,0,0,0,0,0,0,0,0,0,0,0,0,0,0,0,0,0,0,0,0,0,0,0,0,0,0,0,0,0,0,0,0,0,0,0,0,0,0,0,0,0,0,0,0,0,0,0,0,0,0,0,0,0,0,0,0,0,0,0,0,0,0,0,0,0,0,0,0,0,0,0,0,0,0,0,0,0,0,0,0,0,0,0,0,0,0,0,0,0,0,0,0,0,0,0,0,0,0,0,0,0,0,0,0,0,0,0,0,0,0,0,0,0,0,0,0,0,0,0,0,0,0,0,0,0,0,0,0,0,0,0,0,0,0,0,0,0,0,0,0,0,0,"Blk"
"RD168-Astral_20240729_EXB_300SPD_FS-180K_Blk_U042_summary_targets_3ppm_isotope_8000_3ppm_isotopes_8000_present_3ppm_isotopes_8000_rtimes.csv",0,0,263062.28125,0,0,0,115544.4609375,11856883,95711.84375,5970491.5,0,0,0,0,0,2643704.5,0,310333.25,0,1603148.875,1490266,13729920,0,0,0,0,0,0,1395354.125,617425.4375,0,0,2500392.5,0,8406768,8129531.5,1918144.5,0,0,46823752,7170969.5,0,0,1756512.875,0,0,0,11541209,0,146517.671875,0,0,0,0,0,0,0,0,0,0,0,0,0,0,0,0,0,0,0,0,0,0,0,0,0,0,0,0,0,0,0,0,0,0,0,0,0,0,0,0,0,0,0,0,0,0,0,0,0,0,0,0,0,633948.3125,0,0,0,0,0,0,0,0,0,0,0,0,0,0,0,0,0,0,0,0,0,0,0,0,0,0,0,0,0,0,0,0,139060.015625,0,0,0,0,0,0,0,0,0,0,0,0,0,0,0,0,0,0,0,0,217579.765625,0,0,0,0,0,0,0,0,0,0,0,0,0,0,0,0,0,0,0,0,0,0,0,0,0,0,0,0,0,0,273429.40625,0,0,0,0,0,0,0,0,0,0,0,0,0,0,0,0,0,0,0,0,0,322885.34375,0,787515.3125,0,0,0,0,0,0,0,0,0,0,0,0,0,0,0,0,0,0,0,0,0,0,0,0,0,0,0,0,0,0,0,0,0,0,0,0,0,0,0,0,0,0,0,0,0,0,0,0,0,0,0,0,0,0,0,0,0,0,0,0,0,0,0,0,0,0,0,0,0,0,0,0,0,0,0,0,0,0,0,0,0,0,0,0,0,0,0,0,0,0,0,0,0,0,0,0,0,0,0,0,0,0,0,0,0,0,0,199029.1875,0,0,0,0,215755.59375,0,0,933743,0,0,8371899.5,0,0,0,114256.671875,311352.96875,0,0,0,0,1411791.875,0,471165.28125,0,0,0,0,0,0,0,0,910306.125,0,575300.5,0,0,0,0,0,0,0,0,446815.6875,0,0,0,0,0,0,0,621815.625,0,732557.6875,0,0,0,237912.234375,245049.40625,0,0,0,0,0,0,0,0,0,0,0,0,0,0,0,0,0,0,0,0,0,0,0,0,0,0,0,0,0,0,0,0,0,0,0,0,0,0,0,0,0,0,0,0,0,0,598687.4375,128852.6796875,0,0,0,0,0,0,1096891.625,0,0,0,0,0,0,0,0,0,0,0,0,0,0,0,0,0,0,141241.484375,193396.25,0,0,0,399709.46875,0,0,0,0,0,0,0,0,0,0,0,0,0,0,0,0,0,0,0,0,0,0,0,0,0,0,0,0,0,0,149057.4375,0,0,0,0,0,0,0,0,0,0,0,0,0,0,478373.25,0,0,0,0,0,0,0,0,0,0,685626.0625,0,0,0,342539.96875,0,361424.59375,264354.03125,0,204347.984375,551380.3125,646541.4375,193402.640625,736429.4375,410564.875,1063741.375,636650.1875,197805.671875,602059.4375,118130.4453125,93637.1640625,111241.3203125,110107.65625,521790.75,144046.78125,1056214.625,382306.8125,131846.03125,321756.75,0,0,0,0,0,0,0,0,0,0,0,0,0,0,0,0,0,0,0,0,0,0,0,0,0,0,0,0,0,0,0,0,0,0,0,0,0,0,0,0,0,0,0,0,0,0,0,0,0,0,0,0,0,0,0,0,0,0,0,0,0,0,0,0,0,0,0,0,0,0,0,0,0,0,0,0,0,0,0,0,0,0,0,0,0,0,0,0,0,0,0,0,0,0,0,0,0,0,0,0,0,0,0,0,0,0,0,0,0,0,0,0,0,0,0,0,0,0,0,0,0,0,0,0,0,0,0,0,0,0,0,0,0,0,0,0,0,0,0,0,0,0,0,0,0,0,0,0,0,0,0,0,0,0,0,0,0,0,0,0,0,0,0,0,0,0,0,0,0,0,0,0,0,0,0,0,0,0,"Blk"
"RD168-Astral_20240729_EXB_300SPD_FS-180K_Blk_U043_summary_targets_3ppm_isotope_8000_3ppm_isotopes_8000_present_3ppm_isotopes_8000_rtimes.csv",0,923889.375,172314.953125,267342.34375,0,306752.8125,3323702.5,16478990,232237.40625,4946049,0,0,381148.09375,0,5258956.5,5028660.5,0,0,0,3566308.25,842818.8125,17348446,0,842818.8125,0,0,0,0,0,0,1275837.375,0,3325683,0,1778652.625,8101714,3221991.25,0,0,56232080,4207493.5,0,192661.96875,2272144.75,170300.09375,458617.875,0,8722356,0,0,0,0,0,0,0,0,22445.68359375,0,0,0,0,147320.15625,0,0,0,0,0,0,0,0,0,0,0,0,0,0,0,0,0,0,0,0,0,0,0,0,0,0,0,0,60306.0546875,0,0,0,0,0,0,0,0,0,0,0,0,0,0,0,0,0,0,0,0,0,0,0,0,0,0,0,0,0,0,0,0,0,0,0,0,0,0,0,890632.125,0,0,0,0,721241.8125,0,0,0,0,0,0,0,0,0,0,0,0,0,0,0,0,499252.15625,0,0,0,0,0,0,0,0,0,0,0,0,0,0,0,0,0,0,0,0,0,0,0,0,0,0,0,0,0,3560155.25,0,0,0,0,0,0,0,0,0,0,0,0,0,0,0,0,0,0,0,0,0,0,0,0,0,0,0,1036579.4375,0,0,0,0,0,0,0,0,0,0,0,0,0,0,0,0,0,0,0,0,0,0,0,0,0,0,0,0,0,0,0,0,0,0,0,0,0,0,0,0,0,0,0,0,0,0,0,0,0,0,0,0,0,0,0,0,0,0,0,0,0,0,0,0,0,0,0,0,0,0,0,0,0,0,0,0,0,0,0,0,0,0,0,0,0,0,0,0,0,0,0,0,0,0,0,0,0,0,0,0,0,0,0,0,0,0,0,0,0,56930.49609375,0,68333.359375,214768.03125,161215.59375,82253.796875,418274.1875,0,3540378.5,0,0,1698532.375,0,83455.1640625,11499168,0,0,0,0,0,0,399819.1875,0,891232.6875,0,0,0,586852.3125,0,0,0,0,0,2677958.5,1194403.625,0,0,0,0,0,0,0,0,354692.21875,746866.9375,0,0,0,0,0,255130.015625,597200.125,0,3279637.5,0,0,0,1058877.875,346341.15625,4746.13623046875,0,20123.890625,0,0,0,0,0,0,81627.4453125,0,0,0,0,0,0,0,0,0,0,0,0,0,0,0,0,0,0,0,0,0,0,0,0,0,0,0,0,0,0,0,0,0,0,0,0,390308.84375,0,0,0,0,0,662818.125,0,2351662,0,0,0,0,0,0,0,0,0,0,0,0,0,0,0,0,0,0,0,0,0,0,0,0,0,0,0,0,0,0,0,0,0,0,0,0,0,0,0,0,0,0,0,0,0,0,0,0,0,0,0,0,0,0,0,0,0,0,0,0,0,0,0,0,0,0,0,0,0,0,0,0,0,0,0,0,0,330556.59375,0,0,0,571865.0625,924490.5625,790151.75,671735.1875,0,0,0,0,0,0,0,0,0,0,0,0,0,0,0,0,188941.75,0,2733732,0,0,0,0,0,427463.5,1701261.875,57619.0859375,105912.9296875,243403.609375,198234.015625,545028.8125,369915.5,192179.328125,162338.796875,185264.859375,1633148.125,416924.4375,289259.75,578963.3125,437236.03125,283579.40625,1188035.5,162569.375,152435.984375,145064.109375,211629.453125,170300.09375,873114.625,0,0,0,0,0,0,0,0,0,0,0,0,0,0,0,0,0,0,0,0,0,0,0,0,0,0,0,0,0,0,0,0,0,0,0,0,0,0,0,0,0,0,0,0,0,0,0,0,0,0,0,0,0,0,0,0,0,0,0,0,0,0,0,0,0,0,0,0,0,0,0,0,0,0,0,0,0,0,0,0,0,0,0,0,0,0,0,0,0,0,0,0,0,0,0,0,0,0,0,0,0,0,0,0,0,0,0,0,0,0,0,0,0,0,0,0,0,0,0,0,0,0,0,0,0,0,0,0,0,0,0,0,0,0,0,0,0,0,0,0,0,0,0,0,0,0,0,0,0,0,0,0,0,0,"Blk"
"RD168-Astral_20240729_EXB_300SPD_FS-180K_Blk_U044_summary_targets_3ppm_isotope_8000_3ppm_isotopes_8000_present_3ppm_isotopes_8000_rtimes.csv",0,0,114509.6015625,0,271322.65625,0,276157.34375,16507442,68571.1328125,0,0,0,0,0,5160493,279760.4375,0,0,0,0,0,19486584,0,0,0,0,0,0,967827.125,0,0,0,4484383.5,0,1896263.25,8858806,3370184.5,0,0,59542756,8449501,0,0,1848488.25,0,0,0,10854795,0,0,0,0,0,0,0,0,12787.458984375,0,0,0,0,0,0,0,0,0,0,0,0,0,0,202897.296875,0,0,0,0,0,0,0,0,0,0,0,0,0,0,0,0,35109.03125,0,0,0,0,0,0,0,0,0,0,0,0,0,0,0,0,0,0,0,0,0,0,0,0,0,0,0,0,0,0,0,0,0,0,0,0,0,0,0,0,0,0,0,0,0,0,0,143286.75,0,0,0,0,0,0,0,0,0,140839.25,0,0,0,0,0,0,0,0,0,0,0,0,0,0,0,0,0,0,0,0,0,0,0,0,0,0,0,0,0,0,0,0,0,0,0,566128.375,0,0,0,0,0,0,0,0,0,0,0,0,0,0,0,0,0,0,0,0,0,0,0,0,0,0,0,168674.625,0,0,0,0,0,0,0,0,0,0,0,0,0,0,0,0,0,0,0,0,0,0,0,0,0,0,0,0,0,0,0,0,0,0,0,0,0,0,0,0,0,0,0,0,0,0,0,0,0,0,0,0,0,0,0,0,0,0,0,0,0,0,0,0,0,0,0,0,0,0,0,0,0,0,0,0,0,0,0,0,0,0,0,0,0,0,0,0,0,0,0,0,0,0,0,0,0,0,0,0,0,0,0,0,0,16558.28515625,0,0,0,0,0,0,0,0,0,459598.46875,0,2491550.25,0,0,24662102,0,401824.28125,0,168918.875,627235.3125,0,0,0,0,1972375.875,0,179775,0,516469.96875,516469.96875,0,0,0,0,0,0,0,0,0,0,0,0,0,0,0,0,391560.03125,198726.703125,0,0,0,0,0,0,630137.375,0,963502.6875,0,0,0,160396.109375,360791.125,4545.95849609375,0,38752.30859375,0,0,0,0,0,0,0,0,0,0,0,0,0,0,80730.0625,0,0,0,0,0,0,0,0,0,0,0,0,0,0,0,0,730721.4375,0,0,0,211072.390625,0,0,0,0,0,0,0,16728755,0,0,0,0,0,0,0,2695728.25,0,0,0,0,0,0,0,0,0,0,0,0,0,0,1462368.625,0,0,0,0,0,0,0,0,413430.46875,0,185163.453125,0,0,0,0,0,0,0,0,0,0,0,0,0,0,0,0,0,0,0,0,0,0,0,0,0,0,0,0,0,0,0,0,0,0,0,0,0,0,0,19290.36328125,0,0,0,0,0,0,0,0,0,0,0,0,0,0,0,0,1269394.25,0,0,0,347572.9375,686425.375,0,289916.5625,0,0,431712.375,0,0,0,0,0,499940.6875,0,0,164443.890625,0,0,0,0,0,0,0,440093.5,1651503.25,101582.7578125,0,0,0,0,694447.4375,0,0,246654.109375,0,0,0,0,493614.5625,0,1296562.625,0,0,0,0,0,0,35109.03125,72318.0078125,188863.125,97483.6015625,88317.078125,141854.03125,59478.6484375,220399.703125,136820.296875,365833.96875,219598.140625,174383.375,951933.0625,417182.46875,417182.46875,297628.78125,517520.15625,1045678.125,131594.71875,491410.75,492394.5,263790.65625,152522.109375,0,0,0,0,0,0,0,0,0,0,0,0,0,0,0,0,0,0,0,0,0,0,0,0,0,0,0,0,0,0,0,0,0,0,0,0,0,0,0,0,0,0,0,0,0,0,0,0,0,0,0,0,0,0,0,0,0,0,0,0,0,0,0,0,0,0,0,0,0,0,0,0,0,0,0,0,0,0,0,0,0,0,0,0,0,0,0,0,0,0,0,0,0,0,0,0,0,0,0,0,0,0,0,0,0,0,0,0,0,0,0,0,0,0,0,0,0,0,0,0,0,0,0,0,0,0,0,0,0,0,0,"Blk"
"RD168-Astral_20240729_EXB_300SPD_FS-180K_Blk_U055_summary_targets_3ppm_isotope_8000_3ppm_isotopes_8000_present_3ppm_isotopes_8000_rtimes.csv",0,7976739.5,121157.3515625,67839.6796875,0,408598.0625,1592337.375,11389475,119981.6640625,3426620.75,0,0,275961.6875,0,1921816.625,1857256.375,0,501942.625,3915634,30734908,12672922,14883243,0,827880.8125,56142760,0,0,0,995485.375,456654.0625,366837.8125,0,1406966.25,0,20465276,3447098.5,0,0,0,18945834,5622951.5,934784.875,0,1204762.625,0,0,0,2270991.75,0,0,0,0,0,0,0,0,0,0,0,0,0,83223.3203125,0,0,0,0,0,0,0,0,0,0,0,0,0,0,0,0,0,0,0,0,0,0,0,0,0,0,0,31179.228515625,0,0,0,0,0,0,0,0,58531.0625,0,0,0,0,0,0,0,149417.40625,0,0,0,0,0,0,0,0,0,0,0,0,0,0,0,0,0,0,0,0,0,0,0,0,0,0,0,0,140305.953125,0,0,0,0,0,0,0,0,0,0,0,0,0,0,0,0,0,0,0,0,1027307.3125,0,0,0,0,0,0,0,0,0,0,0,0,0,0,0,0,0,0,0,0,0,0,0,0,0,631118.375,0,0,0,0,0,0,0,0,0,0,0,0,0,0,0,0,0,0,0,0,0,0,0,0,0,0,0,0,0,0,0,0,0,0,0,0,0,0,0,0,0,0,0,0,0,0,0,0,0,0,0,0,0,0,0,0,0,0,0,0,0,0,0,0,0,0,0,0,0,0,0,0,0,0,0,0,0,0,0,0,0,0,0,0,0,0,0,0,0,0,0,0,0,0,0,0,0,0,0,0,0,0,0,0,0,0,0,0,0,0,0,0,0,0,0,0,0,0,0,0,0,0,0,0,0,0,0,0,0,0,0,0,0,0,0,0,124528.9609375,137912.46875,0,0,0,0,150669.390625,0,0,1529753.875,0,0,0,26014704,0,6350973.5,0,234905.171875,0,0,0,0,1396961.625,245741.65625,0,0,593483.375,593483.375,336324.84375,0,0,2340467.25,139468.515625,0,1401222.5,5472851,0,0,0,0,0,0,199077.546875,0,370586.6875,414954.875,0,0,0,0,0,0,0,0,5340401.5,0,0,0,0,0,0,0,0,0,0,0,0,0,0,0,26014704,26014704,114649.765625,0,0,0,0,0,0,0,0,0,0,0,0,0,0,0,0,0,0,0,0,0,0,0,0,0,0,0,0,0,0,0,0,0,0,0,0,0,0,0,0,0,0,0,0,0,0,0,0,0,0,0,0,0,0,0,0,0,0,0,0,0,0,0,0,0,0,0,0,0,0,0,0,0,0,0,0,0,0,0,0,0,0,0,0,0,0,0,0,0,0,0,0,0,0,0,0,0,0,0,0,0,0,0,0,0,29283.962890625,288286.375,0,1239200.875,0,0,0,1147630.5,0,290204.65625,0,0,0,0,0,0,0,0,0,1095467.5,120535.0078125,0,0,122604.5546875,653120.5625,0,0,0,0,401280.9375,0,0,0,0,0,0,0,0,0,0,0,0,0,0,0,0,106338.9765625,0,0,0,0,111165.8671875,0,0,0,0,0,0,0,0,0,0,0,1316105.75,0,0,0,0,0,625160.0625,0,0,0,0,0,0,0,0,0,0,0,0,0,0,0,0,0,0,0,0,0,0,0,31241.080078125,6923.30029296875,1538234.125,52256.8984375,255338.578125,444012.4375,122807.0859375,416053.53125,874507.8125,818852.4375,1473023.875,180045.421875,686167.9375,213175.515625,756307.5,1206124.875,1206124.875,747240.0625,4936097.5,1175013.375,116693.8671875,158886.765625,263226.375,134322.25,650623.4375,428871.84375,0,0,0,0,0,0,0,0,0,0,0,0,0,0,0,0,0,0,0,0,0,0,0,0,0,0,0,0,0,0,0,0,0,0,0,0,0,0,0,0,0,0,0,0,0,0,0,0,0,0,0,0,0,0,0,0,0,0,0,0,0,0,0,0,0,0,0,0,0,0,0,0,0,0,0,0,0,0,0,0,0,0,0,0,0,0,0,0,0,0,0,0,0,0,0,0,0,0,0,0,0,0,0,0,0,"Blk"
"RD168-Astral_20240729_EXB_300SPD_FS-180K_Blk_U056_summary_targets_3ppm_isotope_8000_3ppm_isotopes_8000_present_3ppm_isotopes_8000_rtimes.csv",783495.3125,722607.0625,0,0,0,0,51307136,4596500.5,0,2814731.75,0,0,0,0,6025478,0,0,0,0,0,0,0,0,0,0,0,0,0,0,0,0,0,0,0,0,0,0,0,0,20803352,0,0,0,0,0,0,843393.5625,6741649.5,1223933.375,0,0,0,2885337.75,0,0,0,14148.912109375,0,0,0,52131.5,909475.4375,0,0,0,0,0,0,0,0,0,0,0,0,5585919,0,0,0,0,58939.9453125,0,0,958131.375,0,0,0,0,0,0,0,0,0,0,671135.75,0,0,0,0,0,0,0,0,0,0,0,0,974568.125,0,0,0,745275.625,0,0,0,2300430.25,0,0,0,0,0,0,0,0,0,0,0,0,0,0,0,0,0,0,0,0,1653266.625,13570984,0,0,0,0,0,0,0,0,2556802,0,0,0,0,0,0,0,0,0,0,0,0,0,0,869682.25,0,0,0,0,0,0,0,0,0,0,0,0,0,0,0,0,0,0,0,0,0,11187979,3658342.75,0,4812374.5,0,0,1284888.875,976935.6875,0,0,0,0,0,0,0,0,0,0,0,0,0,0,0,0,0,0,0,0,3171869.25,0,3633869.75,0,0,939597,0,0,0,0,0,0,0,0,0,0,0,0,0,0,0,0,0,0,0,0,0,0,0,0,0,0,0,0,0,0,0,0,0,0,0,0,0,0,419511.8125,0,0,0,0,0,0,0,0,0,0,0,0,0,4411544.5,0,0,0,0,0,0,0,0,0,0,0,0,0,0,0,0,0,1848582.375,0,0,0,0,0,0,0,0,0,0,0,0,0,0,0,0,0,0,0,0,0,0,0,0,0,0,0,0,0,0,0,0,0,0,1539966.875,378981.71875,3092873.5,0,0,0,0,0,193912.546875,0,3192417.25,0,3167266.25,0,0,8720352,0,0,0,0,0,0,1132760.5,0,0,0,0,0,0,0,0,0,1882413.875,0,0,0,0,0,0,0,0,0,0,0,0,0,0,0,0,0,0,58803240,4725439,0,0,0,2968077.25,1643604.625,0,0,0,0,0,205143.015625,0,0,151322.96875,0,0,0,0,1888806.75,0,0,0,517717.28125,517717.28125,0,0,0,0,0,0,0,0,0,0,0,0,1810245,518050.78125,483765.0625,0,0,0,0,11767399,0,0,0,5535902,0,0,0,0,0,0,0,611913.3125,0,0,535337.5625,1177435.25,0,0,0,0,0,0,0,0,0,0,0,0,0,0,21538674,0,0,7713428,0,0,0,0,0,0,0,0,0,0,0,0,2362932,0,0,0,0,0,0,0,0,0,0,0,0,0,3680786,2942039.5,0,5662136,0,0,0,0,0,1223030.625,0,0,0,3057167,0,0,0,0,0,0,0,48894.515625,0,0,0,0,0,0,0,0,0,0,0,611721.0625,0,0,0,0,0,783394.8125,0,0,0,0,0,1055575,0,0,0,0,0,0,0,0,0,0,0,0,0,0,0,0,2455952.25,0,0,0,0,0,0,0,0,0,0,0,0,0,0,1490476,0,0,0,0,0,0,0,0,0,0,0,0,0,0,0,0,0,0,0,0,0,0,0,0,0,0,0,0,0,1267074,0,0,0,0,141570.890625,0,0,0,2971229.5,0,0,0,915616.375,0,0,0,0,0,0,0,0,0,0,0,0,0,0,0,0,0,13086.7333984375,529710.5,146824.6875,153134.5,215310.34375,762029.25,296387.65625,621425.6875,307678.25,307826.65625,1211853.875,741109.9375,842731,1728583.125,478166.09375,597470.75,299104.40625,861384.75,577194.875,4570018.5,10601258,10166691,434541.90625,1273197.25,805612.5625,550584.625,1078442.5,524549.6875,636814.75,1524291.375,684083.8125,2556802,3046245.25,3595312,1281763.125,399961.84375,1174787.25,2503257,919523,623894.5,654028.1875,419970.5,1859207.25,694167.25,520835.6875,3958805.25,2219851.25,2845454.5,1178693.875,1369082.125,981832.625,1121096.25,979778.0625,533524.1875,2279900,492090.59375,642733.75,500620.34375,433524.96875,391939.875,8047508,2864245.5,382540.4375,564990.1875,545786.9375,2785502,242597.71875,399901.0625,480794.75,720658.1875,754232.375,2326297.75,966811.5,3133450.75,355542.9375,280781.84375,257038.171875,751373.125,8351319,351639.9375,402858.03125,1138931.75,262882.9375,184599.84375,2553220,673817.5,927765.375,278297.03125,838702.4375,480222.3125,297501.125,1863213.25,934863,640729.4375,1051110.125,698859,1365316.125,381147.40625,453931.78125,381426.125,598412.4375,401174.71875,740412.25,1250686.25,593570.625,"Blk"
